,prediction,actual
6061,0,0
3891,1,0
8421,0,1
6658,0,0
8129,1,1
4885,0,0
4366,0,0
6291,0,0
8199,1,1
3651,1,0
6247,0,0
3077,1,0
9628,0,1
5351,0,0
10043,1,1
7178,1,0
565,0,0
4791,0,0
2138,0,0
8106,1,1
7347,0,0
4818,0,0
6426,0,0
2982,0,0
33,0,0
576,0,0
1578,0,0
373,1,0
39,1,0
761,0,0
5133,0,0
3467,1,0
3529,0,0
5269,1,0
970,0,0
1147,1,0
9959,0,1
8247,1,1
7840,1,0
4824,0,0
2737,0,0
4486,0,0
2771,0,0
3872,0,0
5100,0,0
4098,0,0
6743,0,0
8950,1,1
3787,0,0
3095,1,0
3944,0,0
958,0,0
8466,1,1
9418,1,1
9532,0,1
3098,0,0
119,0,0
5349,0,0
96,0,0
4224,0,0
7238,0,0
5267,0,0
3397,0,0
5369,1,0
1793,0,0
7067,0,0
2215,0,0
8555,0,1
1183,0,0
5572,1,0
1785,0,0
8287,1,1
311,1,0
9037,0,1
7884,0,0
7283,0,0
10209,1,1
7675,0,0
3544,0,0
4802,0,0
6539,1,0
439,0,0
9129,1,1
6847,1,0
6192,0,0
8331,1,1
3110,0,0
2210,0,0
3160,0,0
8677,1,1
3282,0,0
6180,0,0
10050,1,1
6032,0,0
5646,0,0
8224,0,1
5422,0,0
733,1,0
2589,0,0
9008,1,1
3528,0,0
533,0,0
3279,0,0
5545,0,0
321,0,0
9311,1,1
5616,0,0
8248,0,1
6954,0,0
2586,1,0
9044,0,1
6367,0,0
10162,0,1
1208,1,0
1002,0,0
8634,1,1
8720,1,1
542,1,0
7018,0,0
1595,0,0
9296,1,1
251,0,0
483,0,0
8721,1,1
6109,1,0
3404,0,0
6685,0,0
3646,1,0
2183,1,0
2108,0,0
2150,0,0
8992,0,1
6543,0,0
5908,1,0
856,0,0
6131,0,0
8793,1,1
9246,0,1
9809,0,1
7211,0,0
5814,0,0
2392,0,0
6319,0,0
9816,0,1
6153,0,0
6682,0,0
107,0,0
7611,0,0
7976,0,1
1758,1,0
4698,0,0
6271,1,0
5804,0,0
2564,0,0
4157,1,0
7652,0,0
4392,0,0
7450,0,0
9011,0,1
318,1,0
2012,0,0
5741,0,0
80,0,0
5247,1,0
5737,0,0
9411,0,1
2128,0,0
9264,0,1
4029,0,0
4403,0,0
4132,0,0
335,0,0
7284,1,0
4246,0,0
6022,1,0
6933,1,0
9558,0,1
500,1,0
2707,0,0
9860,0,1
4080,0,0
1558,0,0
9280,0,1
304,0,0
3149,0,0
2870,0,0
3889,0,0
7423,1,0
35,1,0
850,0,0
7422,0,0
10107,0,1
9367,0,1
3795,1,0
5608,0,0
9033,0,1
5418,0,0
2846,1,0
1373,0,0
3942,0,0
31,0,0
4582,0,0
7642,0,0
5259,1,0
3602,0,0
4264,1,0
7793,0,0
1190,0,0
6210,1,0
9717,0,1
6119,0,0
5020,0,0
668,0,0
4505,0,0
6419,0,0
1957,1,0
4518,0,0
6425,0,0
8376,0,1
9880,0,1
4162,0,0
2908,1,0
2464,0,0
7854,0,0
730,0,0
10151,1,1
5554,0,0
5464,0,0
7928,1,0
8925,0,1
5669,0,0
2919,0,0
8387,1,1
169,0,0
10248,1,1
2519,0,0
6537,0,0
7900,0,0
5709,0,0
7853,0,0
7691,1,0
10219,0,1
10112,0,1
914,1,0
1783,0,0
4463,1,0
6110,1,0
10153,0,1
8178,0,1
7281,0,0
3686,0,0
590,0,0
9366,0,1
4001,0,0
4924,1,0
5837,0,0
2698,0,0
6466,0,0
673,0,0
5271,1,0
4639,0,0
10122,0,1
5529,0,0
5308,0,0
2992,0,0
9452,1,1
3238,0,0
9844,0,1
315,0,0
9896,1,1
7782,0,0
4726,0,0
5376,0,0
3244,0,0
1408,0,0
7420,0,0
303,0,0
8859,1,1
8018,0,1
8810,1,1
6113,0,0
1453,0,0
1730,0,0
6253,0,0
2458,0,0
1078,1,0
1616,0,0
5146,1,0
3053,0,0
7335,0,0
6533,0,0
487,0,0
6483,0,0
9257,1,1
3798,0,0
1835,0,0
2823,0,0
8165,0,1
7991,1,1
4336,0,0
5484,0,0
4376,0,0
5819,0,0
5876,0,0
10203,1,1
3351,0,0
2252,0,0
2029,0,0
8138,1,1
2107,0,0
651,0,0
7920,0,0
8067,1,1
1330,0,0
2876,0,0
2127,0,0
9545,0,1
6138,0,0
5747,0,0
6934,0,0
6874,0,0
1597,0,0
7539,0,0
346,1,0
1915,0,0
5609,1,0
8541,0,1
5822,1,0
2692,1,0
7149,0,0
4459,0,0
4450,0,0
735,1,0
8361,1,1
2515,0,0
8957,1,1
259,0,0
6460,0,0
1160,0,0
10152,1,1
1224,0,0
6349,0,0
5155,0,0
9214,1,1
4092,0,0
8267,1,1
4368,1,0
7145,0,0
6712,0,0
6163,0,0
9180,0,1
8289,1,1
927,0,0
9360,1,1
4580,1,0
9067,1,1
1530,1,0
9428,0,1
295,0,0
7212,1,0
47,0,0
5441,0,0
2492,1,0
7681,1,0
9143,1,1
4156,1,0
4598,0,0
1512,0,0
7401,0,0
3928,0,0
8261,0,1
6641,1,0
2157,0,0
4938,0,0
3063,1,0
1877,0,0
3204,0,0
5229,0,0
2036,0,0
9118,0,1
9613,1,1
3050,0,0
7800,0,0
3995,0,0
1650,0,0
5231,1,0
6724,0,0
7709,0,0
3912,0,0
9799,0,1
8636,0,1
7838,1,0
5894,0,0
7262,0,0
5015,1,0
8544,0,1
8694,0,1
4903,0,0
8216,1,1
4217,0,0
1655,0,0
5421,0,0
2956,0,0
2124,0,0
3685,0,0
8364,1,1
8420,1,1
5009,0,0
2360,1,0
1880,0,0
7497,0,0
1496,0,0
5683,0,0
6727,0,0
7952,0,0
2903,0,0
3111,1,0
2423,0,0
900,1,0
10178,0,1
518,1,0
1795,0,0
210,1,0
952,0,0
1393,0,0
7720,0,0
765,0,0
1090,1,0
5921,0,0
718,0,0
6598,0,0
7331,1,0
4344,0,0
2270,0,0
1662,0,0
3299,0,0
9922,1,1
8546,0,1
1180,0,0
5550,0,0
5579,0,0
450,1,0
2348,0,0
5992,1,0
4002,0,0
7887,1,0
9330,0,1
3921,0,0
1606,0,0
4064,0,0
3668,1,0
4379,0,0
5983,1,0
4974,1,0
937,0,0
106,0,0
10247,1,1
7743,0,0
2874,1,0
562,0,0
8583,1,1
4514,0,0
6378,0,0
7278,0,0
8353,0,1
6690,0,0
9604,1,1
5206,1,0
4060,0,0
1368,0,0
5831,0,0
3027,0,0
3621,0,0
8151,1,1
2513,0,0
9711,1,1
2766,0,0
10170,1,1
5379,0,0
1026,0,0
794,1,0
6325,1,0
5559,0,0
5496,0,0
532,0,0
5123,0,0
286,1,0
1076,1,0
3526,0,0
2045,0,0
1807,0,0
5181,0,0
6029,0,0
3635,0,0
8850,1,1
7633,0,0
29,0,0
5474,0,0
7039,1,0
9217,0,1
8048,0,1
4950,1,0
5731,0,0
1617,1,0
3721,0,0
9652,1,1
2227,1,0
7189,1,0
7592,0,0
8307,0,1
2794,0,0
9777,0,1
2009,0,0
9624,0,1
7468,0,0
1199,0,0
4317,0,0
108,0,0
7256,0,0
5400,1,0
5405,0,0
9600,1,1
6221,0,0
8375,1,1
8256,1,1
713,0,0
7307,0,0
6322,0,0
3649,0,0
7234,0,0
6987,1,0
5284,0,0
1277,0,0
3755,0,0
7897,0,0
4023,0,0
7528,0,0
5094,0,0
2848,0,0
9696,0,1
960,0,0
5524,0,0
9308,1,1
4265,0,0
9350,0,1
293,0,0
5118,1,0
9304,1,1
10028,1,1
5846,0,0
8908,0,1
4867,1,0
8035,1,1
2025,0,0
2592,0,0
9850,1,1
14,0,0
4884,0,0
2627,0,0
2894,1,0
2039,0,0
3312,1,0
3231,0,0
3133,0,0
5098,0,0
6820,0,0
5667,0,0
6756,0,0
7958,1,0
92,0,0
5011,0,0
10022,0,1
9994,0,1
6885,0,0
5664,0,0
496,0,0
5714,0,0
6311,0,0
4572,0,0
1516,0,0
9822,1,1
9735,1,1
10272,1,1
1805,0,0
1432,0,0
7634,0,0
2602,0,0
2337,1,0
3079,0,0
10059,1,1
9445,0,1
9303,1,1
9970,0,1
3826,0,0
3274,0,0
8090,0,1
4872,1,0
1576,0,0
7605,0,0
4521,0,0
1954,0,0
7290,0,0
388,0,0
8317,1,1
9192,1,1
10206,0,1
3422,1,0
8108,0,1
7120,1,0
2769,1,0
88,0,0
510,0,0
5117,0,0
3320,0,0
3441,0,0
6817,0,0
8174,0,1
9404,1,1
1347,0,0
2955,0,0
6501,0,0
4808,1,0
1891,0,0
2122,0,0
3463,0,0
3059,1,0
7703,1,0
1310,0,0
5050,0,0
7396,0,0
4385,0,0
416,0,0
7506,1,0
621,0,0
7109,0,0
9074,1,1
2168,0,0
2191,0,0
8916,1,1
4010,0,0
1472,0,0
6505,0,0
4689,1,0
3936,0,0
2114,0,0
8,0,0
399,0,0
9279,0,1
6372,0,0
2750,0,0
3437,0,0
4337,0,0
5965,0,0
3883,1,0
7076,1,0
3615,0,0
8603,0,1
7488,1,0
3833,0,0
7131,0,0
8473,0,1
2249,0,0
5399,0,0
1113,0,0
1247,0,0
3272,0,0
582,0,0
10088,1,1
624,0,0
568,1,0
9293,0,1
6904,0,0
1082,0,0
6259,0,0
8490,0,1
5924,0,0
6389,1,0
360,1,0
7646,1,0
291,0,0
6159,0,0
101,1,0
9005,0,1
8196,0,1
3707,0,0
8253,1,1
8956,0,1
8411,1,1
4226,0,0
2189,0,0
3853,0,0
7324,0,0
6662,0,0
5918,0,0
2340,0,0
1766,0,0
6681,1,0
8086,0,1
4411,0,0
6695,0,0
6292,0,0
4898,1,0
563,1,0
8671,0,1
4845,0,0
8760,0,1
8913,1,1
5471,1,0
4626,0,0
63,0,0
4705,0,0
6992,1,0
6394,1,0
7529,0,0
1155,0,0
1670,0,0
2609,0,0
4007,0,0
932,0,0
2098,0,0
1794,1,0
245,0,0
2457,1,0
4026,0,0
5695,0,0
6414,0,0
8144,0,1
10139,1,1
333,0,0
10041,1,1
4049,0,0
5916,0,0
2534,0,0
6170,1,0
263,1,0
2478,0,0
9750,1,1
5869,0,0
6156,1,0
655,1,0
623,0,0
1369,0,0
3609,0,0
4794,1,0
2802,0,0
6134,0,0
7850,0,0
7349,1,0
6825,1,0
1702,0,0
367,1,0
9765,0,1
736,0,0
7384,0,0
3181,1,0
5576,0,0
1156,0,0
577,1,0
6603,1,0
8438,0,1
2754,1,0
6594,0,0
3885,0,0
5227,0,0
1145,0,0
9375,1,1
1768,0,0
2995,1,0
10027,0,1
8077,1,1
3392,0,0
1981,0,0
76,0,0
2152,1,0
2406,0,0
6399,0,0
8509,0,1
5829,0,0
5452,0,0
1963,0,0
3315,0,0
1710,0,0
5730,0,0
1111,0,0
4373,0,0
1195,0,0
683,0,0
9057,0,1
3,1,0
647,0,0
6978,0,0
9948,1,1
9213,0,1
9423,0,1
290,0,0
1068,1,0
2286,0,0
8074,0,1
4745,1,0
7597,0,0
9144,0,1
4412,0,0
3082,1,0
4865,0,0
6489,0,0
5748,0,0
9462,1,1
135,0,0
9702,1,1
1684,0,0
8570,0,1
6027,0,0
2291,1,0
7402,0,0
9117,1,1
6497,1,0
185,0,0
9508,1,1
883,0,0
8008,0,1
7338,1,0
2818,0,0
8001,0,1
8339,0,1
1864,0,0
2615,0,0
8304,0,1
7672,0,0
1886,0,0
330,1,0
2310,1,0
5605,0,0
1087,1,0
9830,1,1
2691,0,0
4071,0,0
6459,0,0
7352,0,0
381,0,0
8524,1,1
5467,0,0
8952,0,1
704,0,0
4833,0,0
3710,0,0
3002,0,0
3383,0,0
6135,1,0
1446,0,0
4147,1,0
9543,0,1
3887,0,0
10044,1,1
6358,1,0
9081,0,1
8974,1,1
3834,0,0
7851,0,0
3007,0,0
3412,1,0
7303,0,0
8068,1,1
5014,1,0
4921,0,0
3593,1,0
4587,0,0
3973,0,0
8798,0,1
7074,0,0
7829,0,0
3601,0,0
4680,0,0
2328,0,0
3574,0,0
5960,0,0
4573,0,0
1543,0,0
6877,0,0
2470,0,0
5384,1,0
8023,1,1
7168,1,0
7100,0,0
6060,0,0
8488,0,1
3538,0,0
1568,0,0
5470,0,0
8689,0,1
2304,0,0
3555,0,0
3860,0,0
7032,0,0
4823,1,0
144,0,0
9084,0,1
6067,0,0
9027,1,1
5998,0,0
8359,1,1
2405,1,0
3582,0,0
7265,0,0
5594,0,0
4656,0,0
758,0,0
1123,0,0
9015,1,1
6080,0,0
1470,0,0
6955,1,0
8270,0,1
3128,0,0
7020,0,0
7628,0,0
5082,1,0
8069,0,1
1351,0,0
1022,1,0
2473,0,0
3014,0,0
2588,0,0
10106,1,1
4720,0,0
7431,0,0
7692,0,0
5589,0,0
5764,1,0
8235,0,1
3434,0,0
2465,0,0
5245,0,0
8827,0,1
9482,0,1
5501,1,0
8039,1,1
5453,1,0
8654,0,1
0,1,0
4401,1,0
5682,1,0
1536,0,0
543,0,0
1731,0,0
349,1,0
4439,1,0
7328,0,0
3000,0,0
2301,1,0
10097,0,1
3857,0,0
6239,0,0
6437,0,0
457,0,0
6804,0,0
3994,0,0
9345,1,1
5358,0,0
1741,1,0
4077,0,0
6627,1,0
8940,0,1
131,0,0
1084,0,0
1350,1,0
5882,0,0
1883,0,0
2507,1,0
5706,0,0
4288,0,0
4271,1,0
5092,1,0
2271,0,0
5317,0,0
2522,0,0
9440,0,1
6472,0,0
1254,0,0
5866,0,0
4934,0,0
8990,0,1
592,0,0
4333,0,0
3034,0,0
9556,0,1
6879,0,0
4024,0,0
7658,1,0
795,0,0
10072,0,1
4614,0,0
9076,1,1
3131,0,0
4100,0,0
7753,0,0
2862,0,0
6976,0,0
9804,1,1
3487,0,0
7882,1,0
3532,0,0
1862,0,0
782,0,0
3945,1,0
5573,1,0
3999,0,0
2199,1,0
7663,0,0
1626,1,0
8789,1,1
265,1,0
2075,1,0
1112,0,0
7248,0,0
4035,1,0
3281,0,0
1107,0,0
1747,0,0
3055,1,0
2907,0,0
3316,0,0
7997,0,1
5144,0,0
316,0,0
8525,1,1
4113,1,0
3130,1,0
1149,0,0
3464,1,0
7023,0,0
1121,1,0
3905,0,0
103,0,0
3660,0,0
7252,0,0
3524,0,0
7092,0,0
4055,0,0
1593,1,0
4918,0,0
3071,0,0
6107,0,0
3284,0,0
1056,0,0
5424,0,0
2855,1,0
9885,1,1
1623,0,0
8585,0,1
8268,1,1
6105,0,0
567,0,0
8735,1,1
6152,0,0
6888,0,0
9858,1,1
4830,0,0
4466,0,0
7122,0,0
2165,0,0
1441,0,0
3290,1,0
7794,0,0
7825,1,0
8115,1,1
764,0,0
7978,1,1
36,0,0
9775,0,1
9963,1,1
5795,1,0
5333,0,0
1250,0,0
8494,1,1
8895,1,1
4575,1,0
6037,0,0
6187,0,0
5228,0,0
1634,0,0
3319,0,0
9480,0,1
6213,1,0
1833,0,0
3015,0,0
2748,1,0
3245,1,0
8020,1,1
4645,0,0
5506,0,0
637,1,0
1071,0,0
2927,0,0
5875,1,0
2184,0,0
3012,0,0
5114,0,0
4826,0,0
149,0,0
10128,1,1
4429,0,0
2484,1,0
3673,0,0
1217,0,0
7583,1,0
3948,1,0
4593,0,0
8839,0,1
3979,1,0
5129,0,0
2018,0,0
10124,0,1
742,0,0
8236,0,1
3745,0,0
2758,1,0
2254,0,0
1458,0,0
7481,0,0
2236,0,0
3776,0,0
4949,0,0
799,0,0
7708,0,0
4881,0,0
1188,0,0
9505,1,1
1253,0,0
9764,0,1
5180,0,0
1791,0,0
4549,0,0
586,1,0
4038,1,0
1508,0,0
1360,1,0
5979,0,0
6423,0,0
5817,1,0
9715,1,1
23,0,0
4671,1,0
4104,0,0
789,0,0
10177,1,1
8469,0,1
3382,0,0
6912,0,0
10276,0,1
8182,1,1
9321,1,1
7445,0,0
6092,0,0
5994,1,0
3724,0,0
605,1,0
1523,0,0
9815,0,1
993,0,0
3317,0,0
6433,0,0
6670,0,0
3815,0,0
5314,0,0
9041,1,1
2882,1,0
6076,0,0
3295,0,0
1669,0,0
3879,1,0
8030,1,1
5053,0,0
4067,0,0
8748,1,1
7223,0,0
7297,0,0
4742,0,0
6363,1,0
10228,1,1
1691,1,0
6615,0,0
5852,1,0
6103,1,0
8198,0,1
7951,1,0
4762,1,0
267,0,0
7106,0,0
5018,0,0
8863,0,1
8145,1,1
8221,0,1
738,0,0
965,0,0
252,0,0
1760,0,0
3739,1,0
50,0,0
4617,0,0
8471,0,1
7460,0,0
872,0,0
3949,0,0
6442,0,0
6502,0,0
1965,1,0
9680,0,1
2485,0,0
4267,0,0
248,0,0
9398,0,1
2239,0,0
4721,1,0
6478,0,0
8959,0,1
971,0,0
8102,0,1
7689,1,0
2119,1,0
7913,1,0
4387,0,0
6145,1,0
2932,0,0
10085,1,1
447,0,0
3287,1,0
6162,0,0
7354,0,0
1692,0,0
7547,0,0
9209,0,1
7162,0,0
4758,0,0
461,0,0
2963,1,0
3501,0,0
5968,0,0
8823,0,1
1175,0,0
376,0,0
410,0,0
6750,0,0
7745,1,0
8435,0,1
9351,0,1
2960,1,0
7053,1,0
5375,0,0
3329,0,0
1631,0,0
2020,0,0
8699,1,1
274,0,0
5034,1,0
8495,1,1
9796,1,1
9419,0,1
8602,0,1
1488,0,0
5270,0,0
8406,0,1
8773,1,1
9802,0,1
5465,0,0
1418,0,0
467,0,0
9036,1,1
8479,0,1
6593,0,0
6751,0,0
6671,0,0
4801,0,0
513,0,0
9761,0,1
7399,1,0
4919,0,0
9496,0,1
921,0,0
9783,1,1
9250,1,1
9342,0,1
7225,0,0
474,0,0
4191,0,0
4347,0,0
4115,1,0
10257,0,1
4058,1,0
5272,0,0
5840,1,0
480,1,0
9620,1,1
3011,0,0
8491,0,1
3333,0,0
5199,0,0
9668,1,1
8416,0,1
8695,1,1
1740,1,0
2303,0,0
10199,1,1
4414,0,0
7107,0,0
7912,0,0
4871,0,0
4119,0,0
3148,0,0
4097,1,0
714,1,0
3481,0,0
3401,0,0
8774,1,1
1339,1,0
5549,0,0
4797,1,0
5071,0,0
1020,0,0
705,0,0
9656,0,1
5928,1,0
6520,0,0
4718,0,0
908,0,0
8747,1,1
2889,1,0
10273,0,1
5910,1,0
5111,0,0
4863,0,0
594,1,0
9890,1,1
440,0,0
6188,1,0
7969,0,1
8521,0,1
2531,1,0
10,0,0
1413,0,0
2412,0,0
3469,0,0
3827,0,0
93,1,0
10149,1,1
5070,0,0
2638,0,0
6432,1,0
5183,0,0
7701,0,0
2523,1,0
292,0,0
788,1,0
2620,1,0
6234,0,0
9878,0,1
3187,0,0
1509,0,0
4786,0,0
2826,0,0
1599,0,0
1318,0,0
7635,0,0
6865,0,0
6167,0,0
5006,1,0
8431,0,1
3172,0,0
4832,0,0
3017,0,0
8777,0,1
5848,0,0
8460,0,1
4469,0,0
2447,0,0
2885,0,0
7552,0,0
8349,1,1
9836,1,1
8059,1,1
1746,1,0
10246,1,1
7684,0,0
3955,0,0
8113,1,1
2680,0,0
7093,0,0
837,0,0
8140,1,1
2145,0,0
2030,0,0
2595,0,0
7671,1,0
3694,1,0
7821,0,0
2833,0,0
2820,0,0
3817,0,0
4640,0,0
5338,0,0
157,1,0
7995,1,1
8481,0,1
4843,0,0
5794,1,0
5282,0,0
3566,0,0
700,0,0
3595,1,0
2316,0,0
9478,0,1
4052,0,0
6831,0,0
6186,0,0
6010,0,0
9102,0,1
4081,0,0
10221,0,1
3852,1,0
7947,0,0
5537,0,0
2514,0,0
7550,0,0
4121,1,0
1775,0,0
8206,1,1
5234,0,0
5990,0,0
3522,0,0
1402,0,0
9094,1,1
6127,0,0
4708,0,0
9632,0,1
6014,0,0
9470,1,1
7775,0,0
9854,1,1
7921,0,0
603,0,0
1921,0,0
9001,0,1
393,0,0
5062,0,0
7932,0,0
3717,1,0
9791,0,1
95,0,0
1608,0,0
1732,0,0
8149,0,1
6021,0,0
5461,0,0
2625,0,0
5718,0,0
5169,0,0
1803,0,0
4381,0,0
9669,0,1
2935,0,0
6143,0,0
4196,0,0
2245,0,0
6740,0,0
5064,0,0
1718,0,0
6025,1,0
10073,1,1
6829,0,0
6270,0,0
9390,0,1
1355,0,0
9016,1,1
1851,1,0
2133,0,0
10281,0,1
6191,0,0
5060,0,0
1660,0,0
7820,0,0
3032,0,0
3869,0,0
19,0,0
5753,0,0
6360,1,0
9660,0,1
5581,0,0
4848,0,0
7348,1,0
5493,0,0
4404,0,0
10091,1,1
1501,0,0
1261,0,0
7337,1,0
809,0,0
9042,0,1
9089,0,1
2554,1,0
6962,0,0
5632,0,0
10048,0,1
3370,0,0
7861,0,0
2088,0,0
1142,0,0
9045,0,1
3898,0,0
6481,0,0
6240,1,0
6517,1,0
2335,0,0
5216,0,0
6202,0,0
7520,0,0
5289,0,0
2389,0,0
7104,1,0
8892,0,1
8683,1,1
7180,0,0
620,0,0
9055,1,1
8156,1,1
10019,0,1
9638,1,1
8975,0,1
6890,0,0
1046,0,0
6248,0,0
6580,1,0
9292,0,1
2664,1,0
743,1,0
222,0,0
9738,1,1
625,0,0
9417,1,1
5500,0,0
4870,0,0
3761,0,0
5339,0,0
4339,0,0
9999,0,1
9807,0,1
1315,0,0
6925,0,0
4091,1,0
6592,0,0
6364,0,0
353,0,0
5657,0,0
456,0,0
4441,0,0
3578,0,0
239,1,0
2954,0,0
2377,0,0
6698,0,0
5716,0,0
6000,0,0
9448,1,1
3509,0,0
9676,0,1
1780,0,0
1018,0,0
6069,1,0
6572,0,0
2067,0,0
9951,0,1
4076,1,0
8726,1,1
1103,0,0
10023,1,1
7607,0,0
1950,1,0
8762,0,1
3753,0,0
4747,1,0
4619,1,0
7862,0,0
2926,0,0
2260,1,0
9497,0,1
7453,1,0
8463,1,1
8657,0,1
9608,1,1
1383,0,0
9683,1,1
8933,1,1
217,0,0
1765,0,0
5440,1,0
8292,0,1
8652,0,1
9266,0,1
1034,0,0
216,0,0
3314,1,0
2619,0,0
2055,0,0
8557,1,1
906,0,0
4696,0,0
7731,0,0
8060,0,1
7772,0,0
3396,0,0
6148,0,0
8200,0,1
4880,0,0
4610,1,0
3533,0,0
6209,0,0
6984,0,0
3379,0,0
3094,0,0
6117,1,0
852,0,0
5326,0,0
2109,0,0
8028,1,1
1683,0,0
3894,0,0
5250,0,0
5492,0,0
6843,0,0
5210,0,0
7727,0,0
4277,0,0
747,0,0
2991,0,0
1569,0,0
347,0,0
8776,0,1
9009,1,1
5650,0,0
7386,1,0
9024,0,1
8670,1,1
3123,0,0
8444,0,1
5865,0,0
10083,1,1
4303,0,0
7819,0,0
7055,0,0
7799,1,0
4899,0,0
6307,0,0
763,0,0
9811,0,1
9996,1,1
7946,1,0
9095,0,1
2110,0,0
8188,1,1
1222,0,0
9145,0,1
5821,0,0
4913,0,0
1964,0,0
9254,0,1
9698,0,1
6606,0,0
6754,0,0
4174,0,0
5076,0,0
708,1,0
1575,0,0
509,1,0
6946,0,0
7999,1,1
6739,0,0
6112,0,0
5972,0,0
7931,0,0
2517,0,0
2232,0,0
7255,0,0
4084,0,0
5820,0,0
9438,1,1
6329,1,0
711,0,0
6889,0,0
9384,0,1
7308,0,0
7950,0,0
1372,0,0
6786,1,0
712,0,0
8988,1,1
1245,1,0
7899,1,0
9939,1,1
7369,0,0
9123,1,1
715,0,0
5205,0,0
7398,0,0
1482,1,0
2948,0,0
2516,0,0
4665,0,0
9050,0,1
8089,1,1
7170,0,0
6730,1,0
1658,1,0
212,1,0
3375,0,0
7033,0,0
1010,1,0
323,0,0
7417,1,0
1097,1,0
9071,1,1
1562,1,0
9666,0,1
334,0,0
7856,1,0
2483,1,0
2213,1,0
3844,0,0
8645,0,1
1613,0,0
792,0,0
233,0,0
8474,0,1
5851,0,0
6041,0,0
8964,0,1
7580,0,0
6008,0,0
4245,0,0
5186,0,0
1941,0,0
1825,0,0
3693,0,0
2233,1,0
2614,0,0
6333,1,0
774,1,0
1494,0,0
5425,0,0
871,0,0
6857,0,0
1263,0,0
1618,1,0
5143,0,0
4238,0,0
9663,1,1
3614,0,0
9842,0,1
1220,0,0
4139,0,0
8040,0,1
408,0,0
5022,1,0
9504,0,1
1513,0,0
2474,0,0
6887,0,0
2388,1,0
1953,0,0
5030,0,0
8403,0,1
7058,1,0
7387,0,0
5749,0,0
3254,0,0
3448,0,0
3465,0,0
5615,1,0
6798,0,0
9733,1,1
8812,0,1
8848,0,1
5961,0,0
2487,0,0
2288,0,0
7517,0,0
5896,0,0
9808,1,1
6818,0,0
9400,1,1
8617,0,1
1498,1,0
1479,0,0
5411,0,0
8114,0,1
5981,0,0
5130,0,0
7359,0,0
8380,1,1
9924,1,1
465,0,0
3884,0,0
7366,1,0
5544,0,0
5792,0,0
2069,0,0
4110,1,0
6720,0,0
745,0,0
5696,1,0
6688,0,0
710,0,0
379,0,0
8462,0,1
4504,0,0
9169,0,1
7594,0,0
4477,0,0
8141,0,1
8763,1,1
4766,0,0
3616,0,0
5702,0,0
8260,1,1
6510,0,0
5140,0,0
3837,0,0
6715,0,0
1313,0,0
4715,0,0
8667,1,1
3125,1,0
8742,1,1
8091,0,1
1285,0,0
7344,0,0
3024,0,0
1349,0,0
5268,0,0
9574,1,1
5090,0,0
4301,0,0
427,0,0
653,0,0
8328,1,1
7073,1,0
8197,1,1
3772,0,0
8237,1,1
8448,0,1
8327,1,1
3535,0,0
7204,0,0
3934,0,0
611,0,0
4730,1,0
8496,0,1
9675,1,1
6864,0,0
4588,0,0
9579,0,1
1118,0,0
554,0,0
7698,1,0
511,0,0
2287,0,0
4631,0,0
967,0,0
5165,0,0
6424,0,0
6929,0,0
7199,1,0
3703,0,0
3704,0,0
6306,0,0
2777,0,0
6835,1,0
2648,0,0
2344,0,0
4982,0,0
1923,0,0
9678,0,1
4112,0,0
2913,0,0
2167,1,0
1109,0,0
6086,0,0
8734,0,1
1038,0,0
1194,0,0
5538,1,0
9957,0,1
3964,0,0
9531,1,1
4448,0,0
9225,1,1
2816,0,0
934,0,0
7407,0,0
4773,0,0
8443,0,1
4984,0,0
10211,0,1
394,0,0
5508,0,0
4165,0,0
1737,0,0
9422,1,1
561,1,0
10222,0,1
9244,0,1
1297,0,0
8612,0,1
1162,0,0
5278,0,0
1671,1,0
6717,0,0
7197,0,0
1527,0,0
8593,1,1
4012,0,0
9170,1,1
7728,0,0
58,1,0
4923,1,0
2697,0,0
4759,1,0
8087,0,1
9281,1,1
6194,0,0
3597,0,0
6407,0,0
3543,1,0
8761,0,1
7716,0,0
8439,1,1
10141,1,1
6706,0,0
676,1,0
8330,0,1
4046,0,0
414,0,0
5304,0,0
9766,1,1
7680,0,0
3780,0,0
7084,1,0
4936,0,0
5218,1,0
6785,1,0
2072,1,0
8459,1,1
2498,0,0
6870,0,0
866,0,0
8846,0,1
5354,0,0
8013,0,1
9674,0,1
3387,0,0
1897,0,0
6908,1,0
3006,0,0
7013,0,0
9597,0,1
3080,0,0
8545,0,1
6495,0,0
1817,0,0
9974,0,1
1937,1,0
1901,0,0
8882,0,1
8029,1,1
4789,0,0
1210,0,0
7325,0,0
6405,0,0
8279,1,1
1726,0,0
2455,0,0
1047,0,0
3661,0,0
7036,0,0
9973,0,1
3126,0,0
3842,0,0
7768,1,0
3620,0,0
6556,0,0
617,0,0
3194,0,0
10038,1,1
5563,0,0
3937,1,0
3457,1,0
766,0,0
6100,0,0
10060,0,1
7136,1,0
10192,0,1
8927,1,1
1144,0,0
3656,0,0
2984,0,0
462,0,0
3307,0,0
2221,1,0
7968,1,0
7485,1,0
10160,1,1
5641,0,0
3784,0,0
3706,0,0
4942,0,0
5458,0,0
10188,1,1
7510,0,0
7523,1,0
828,0,0
9309,1,1
4280,0,0
1672,0,0
8650,0,1
1688,0,0
7954,0,0
6104,1,0
9284,1,1
3519,0,0
4053,0,0
4187,0,0
2970,1,0
4149,0,0
3984,0,0
7169,0,0
1713,0,0
20,0,0
5489,0,0
5558,1,0
2273,0,0
4957,0,0
4782,0,0
8811,0,1
7507,0,0
1295,1,0
7139,0,0
591,0,0
7556,1,0
1406,0,0
221,0,0
5805,1,0
6508,0,0
4692,0,0
858,0,0
5503,1,0
2922,0,0
5700,0,0
841,0,0
9222,0,1
3132,1,0
7719,0,0
994,0,0
2815,0,0
1554,1,0
6062,0,0
4094,0,0
8037,1,1
10240,1,1
4394,1,0
4955,0,0
8858,1,1
4828,0,0
2574,0,0
400,0,0
3145,1,0
3118,0,0
3542,1,0
8181,1,1
9295,1,1
2275,0,0
59,0,0
5653,0,0
7301,0,0
8099,1,1
6482,0,0
1328,0,0
9513,0,1
8265,1,1
3443,0,0
3154,0,0
1550,0,0
1009,1,0
1612,0,0
4625,0,0
6216,1,0
648,1,0
879,0,0
8855,0,1
4597,1,0
3305,0,0
550,0,0
7302,0,0
5816,1,0
9967,0,1
4513,0,0
211,0,0
8343,0,1
8383,1,1
4972,0,0
1438,1,0
9147,0,1
696,1,0
6872,0,0
7448,0,0
1314,0,0
7063,0,0
4428,0,0
12,0,0
8614,1,1
6832,0,0
1346,0,0
8894,0,1
453,0,0
9739,0,1
8692,0,1
4879,1,0
8972,1,1
6883,1,0
37,0,0
8101,0,1
7144,1,0
940,0,0
5026,0,0
5434,0,0
6326,0,0
538,0,0
6289,0,0
3078,0,0
1400,0,0
6663,0,0
7859,1,0
6447,0,0
4533,0,0
2807,0,0
7044,0,0
5264,1,0
7371,0,0
2453,1,0
7068,0,0
3508,1,0
6639,0,0
9307,0,1
7383,0,0
1739,0,0
3047,0,0
5457,0,0
8510,1,1
2425,0,0
5967,0,0
9469,1,1
8492,0,1
1563,1,0
3025,1,0
2375,0,0
6828,0,0
4341,0,0
2544,1,0
8142,0,1
9198,0,1
9533,0,1
6054,0,0
4813,0,0
7522,0,0
3941,0,0
8396,1,1
8922,0,1
6321,1,0
9473,0,1
833,0,0
8912,1,1
8223,0,1
4983,0,0
3037,0,0
5359,0,0
9437,0,1
10110,0,1
10215,0,1
4613,0,0
6998,1,0
5909,0,0
9297,0,1
6689,0,0
7627,0,0
2650,0,0
1197,0,0
5570,0,0
8457,0,1
6742,0,0
1429,0,0
6480,0,0
7393,0,0
1153,0,0
3070,0,0
4484,0,0
4638,0,0
3026,0,0
9444,1,1
964,1,0
7739,0,0
5944,0,0
4022,0,0
8979,0,1
1483,0,0
7037,1,0
9039,0,1
5087,0,0
1426,0,0
4687,1,0
2178,0,0
5969,0,0
7918,0,0
1057,1,0
4461,0,0
6123,0,0
9038,0,1
8222,0,1
7360,0,0
4630,1,0
1544,0,0
3127,0,0
7434,0,0
4693,0,0
724,1,0
5316,0,0
5838,0,0
1127,0,0
3428,0,0
5963,0,0
9485,1,1
4534,0,0
9141,1,1
6923,0,0
5614,0,0
1561,1,0
4170,0,0
6673,0,0
2840,0,0
5135,0,0
5839,0,0
3021,1,0
4702,1,0
9516,1,1
4978,0,0
2968,0,0
8288,0,1
8201,1,1
9525,0,1
8515,1,1
4532,1,0
9985,0,1
1392,0,0
9060,1,1
9744,0,1
5505,0,0
3677,0,0
3405,0,0
17,0,0
1770,0,0
1888,0,0
1642,0,0
132,0,0
6906,0,0
2542,1,0
3445,0,0
8246,1,1
1095,0,0
5707,0,0
4202,0,0
527,0,0
4354,0,0
2002,0,0
8704,1,1
168,0,0
6273,0,0
1919,0,0
701,1,0
4838,0,0
2319,0,0
4294,0,0
2673,0,0
2417,0,0
5309,1,0
772,1,0
1298,0,0
8771,1,1
1352,0,0
3485,0,0
7845,0,0
1287,0,0
2358,0,0
6779,0,0
3208,0,0
9538,1,1
2013,0,0
4374,0,0
4989,0,0
5079,0,0
9387,1,1
3206,0,0
2147,0,0
5325,0,0
7118,0,0
4140,0,0
449,0,0
9718,0,1
5371,1,0
6956,0,0
810,0,0
8043,1,1
6902,1,0
3742,0,0
4562,0,0
9618,0,1
6258,1,0
6773,0,0
8836,1,1
1477,0,0
1790,1,0
2008,0,0
682,0,0
6245,1,0
4436,1,0
2407,0,0
57,0,0
7826,0,0
4395,0,0
3592,0,0
5768,0,0
46,0,0
30,0,0
9653,1,1
8214,0,1
1468,0,0
1665,0,0
1416,0,0
8531,1,1
3550,0,0
5931,1,0
7688,0,0
8814,1,1
429,0,0
5583,0,0
2391,0,0
385,0,0
1945,0,0
4480,0,0
7171,1,0
473,1,0
8906,1,1
9571,1,1
8381,0,1
6969,1,0
7430,0,0
1055,0,0
8128,0,1
9949,0,1
3107,0,0
2751,0,0
6182,0,0
2611,0,0
811,1,0
5331,0,0
2701,0,0
8649,1,1
9514,1,1
9693,1,1
111,0,0
9158,1,1
7243,0,0
1745,0,0
4083,0,0
1452,0,0
2149,0,0
319,0,0
3625,1,0
3065,0,0
1922,1,0
8961,1,1
8005,1,1
4030,0,0
4537,0,0
3088,0,0
2129,0,0
10218,0,1
7988,1,1
6651,1,0
5517,0,0
7929,1,0
9519,1,1
1052,0,0
7442,1,0
4222,0,0
99,0,0
6808,0,0
1456,1,0
8161,1,1
812,0,0
1092,1,0
9251,0,1
4299,0,0
4185,0,0
9210,1,1
6553,0,0
8437,1,1
6523,0,0
1414,0,0
540,1,0
6181,1,0
4228,0,0
1146,0,0
5125,0,0
754,0,0
3723,1,0
9318,1,1
8550,1,1
9786,1,1
3520,0,0
6141,0,0
4233,0,0
6314,0,0
3139,1,0
6095,0,0
9931,1,1
5735,0,0
3773,1,0
7257,0,0
4896,0,0
601,0,0
2684,0,0
9168,0,1
4622,0,0
6769,0,0
4201,0,0
5279,0,0
5019,0,0
1044,0,0
7784,0,0
1557,1,0
4151,0,0
7874,0,0
180,0,0
9589,0,1
2115,0,0
1699,0,0
1379,0,0
2676,0,0
4825,0,0
9476,0,1
6418,0,0
618,0,0
8821,0,1
10129,1,1
1600,1,0
6335,0,0
1615,0,0
9461,1,1
438,1,0
6862,1,0
2083,0,0
7173,0,0
3468,0,0
8558,0,1
4877,1,0
6772,0,0
7233,1,0
2545,0,0
9909,1,1
8564,1,1
1918,0,0
8560,0,1
6065,0,0
5727,0,0
3989,1,0
10184,1,1
2054,0,0
5756,0,0
9468,1,1
2362,0,0
2225,1,0
8511,0,1
1126,0,0
3870,0,0
5202,0,0
8294,0,1
3045,0,0
2444,0,0
2678,0,0
1322,1,0
1603,0,0
5863,0,0
7879,0,0
4606,0,0
5396,0,0
4685,0,0
6575,0,0
7815,1,0
9605,0,1
2685,0,0
1507,0,0
1559,0,0
4977,0,0
9267,1,1
8019,0,1
8775,0,1
5198,0,0
5003,0,0
8613,1,1
1354,0,0
45,0,0
9879,1,1
748,0,0
8883,0,1
2732,1,0
5834,0,0
4952,1,0
4641,0,0
8733,1,1
6921,0,0
8240,1,1
5899,1,0
2251,1,0
3424,0,0
7738,0,0
3952,0,0
7195,1,0
8977,0,1
7019,0,0
4161,0,0
4961,1,0
4216,0,0
9912,0,1
7535,0,0
664,0,0
5974,0,0
3527,0,0
9383,0,1
9871,0,1
2957,0,0
675,0,0
4779,0,0
5516,0,0
7322,1,0
1962,0,0
1840,0,0
4475,0,0
3518,0,0
4075,0,0
5993,0,0
9101,0,1
10207,0,1
5708,0,0
9863,0,1
6604,0,0
10113,0,1
7487,0,0
411,0,0
613,0,0
5456,0,0
7198,1,0
1430,1,0
3399,1,0
7936,1,0
4209,0,0
6079,0,0
